Name,Role,Organization,LinkedIn,Scraped
Cory Witter,Executive Director at Youth Climate Lab | LinkedInOlumide Idowu (Mr. Climate) - Founder & Executive Director ...Bruno Jochum - Founder and Executive Director - Climate ...,"accelerating climate action globally by empowering mid level organisations to reduce their carbon emissions by 50% by 2030, trigger a domino effect in society and share climate solutions in open source as a free universal good",https://ca.linkedin.com/in/cory-witter-2a763015a,2026-08-18
Bruno Jochum,Founder and Executive Director - Climate ...,"accelerating climate action globally by empowering mid level organisations to reduce their carbon emissions by 50% by 2030, trigger a domino effect in society and share climate solutions in open source as a free universal good",https://ch.linkedin.com/in/bruno-jochum-356aba14b/en,2026-08-18
Giulia Carbone,Director - Nature for Climate at WBCSD ...Mafalda Duarte 님 - Executive Director of the Green Climate ...Who We Are - Our ClimateOur team - climatecatalyst,Mount Holyoke,https://ch.linkedin.com/in/giulia-carbone-9197554,2026-08-21
Niki King - Chief Sustainability Officer | LinkedInKate Wylie - CHANEL | LinkedInNamita Asnani - Sustainability Practitioner I Head of ...Antonia Wanner,Nestlé | LinkedInGayatri Divecha - ESG & Social Impact Leader l Infusing ...,—,https://www.linkedin.com/in/nikiking1,2026-08-21
Antonia Wanner,Nestlé | LinkedIn,—,https://ch.linkedin.com/in/antonia-wanner,2026-08-21
Heather Lange,"Executive Director, theconservatorygroup.org ...Laura Lee - Chief Executive | LinkedInOlumide Idowu (Mr. Climate) - Founder & Executive Director ...Naderev Sano - Climate justice advocate | Non-profit ...",—,https://ca.linkedin.com/in/heather-lange-2962302b,2026-08-27
Laura Lee,Chief Executive | LinkedInOlumide Idowu (Mr. Climate) - Founder & Executive Director ...Naderev Sano - Climate justice advocate | Non-profit ...,—,https://sg.linkedin.com/in/laura-lee-49252371,2026-08-27
Kara E. Reeve,Senior Climate Change Strategist - LinkedIn,—,https://www.linkedin.com/in/kara-e-reeve-618168a,2026-08-27
"Annette Olson, Ph.D. | Co-Founder of the DC Tool Library",—,Earth Hero | Co-Founder of the DC Tool Library | Public,https://www.linkedin.com/in/annetteolson,2026-08-28
Seema Wadhwa,TIME100 Climate | Health Systems Executive,—,https://www.linkedin.com/in/seemaw,2026-08-28
Jenny Park,"Climate nerd, communications strategist, nonprofit ...",—,https://www.linkedin.com/in/jennyjpark,2026-08-29
Maura Mcknight,Executive Director at Business Council on ...,Business Council on Climate Change 500+ connections on LinkedIn,https://www.linkedin.com/in/maurafallonmcknight,2026-08-29
Susan Kruse,Executive Director at Community Climate ...,—,https://www.linkedin.com/in/susan-kruse-aaa7268,2026-08-30
Maya Tamimi,Head of Division Environment & Sustainability ...,Unilever Indonesia Foundation · Experienced Sustainability specialist with a demonstrated history of working in the consumer goods industry,https://id.linkedin.com/in/maya-tamimi-6339638,2026-09-01
David Leathers,Climate Adaptation & Resilience - LinkedIn,—,https://www.linkedin.com/in/davidleathers,2026-09-01
Haley Ehlers,Executive Director - LinkedIn,—,https://www.linkedin.com/in/haleyehlers,2026-09-02
Margaret Coady,Fortune 50 Corporate Sustainability Leader,—,https://www.linkedin.com/in/margaretcoady,2026-09-02
Kendra White,Equitable Climate Resilience - LinkedIn,—,https://www.linkedin.com/in/kendra-a-white,2026-09-02
Harjeet Singh,"Climate Activist || Global Convenor, Fill The ...",—,https://in.linkedin.com/in/harjeetsingh11,2026-09-03
Appolinaire ZAGABE,Executive Director at DRC Climate Change ...,"DRC Climate Change Network/ International Development & Climate Finance Consultant | Policy, Diplomacy, Legal Compliance & Donor Programme Advisory · I am an International Development Consultant supporting governments, international organisations, nonprofits, universities, civil society networks and development partners to design credible, fundable and",https://de.linkedin.com/in/appolinaire-zagabe-93384022,2026-09-03
Beau Daane (he/him),"Sustainability, Responsibility, ESG ...",—,https://www.linkedin.com/in/beaudaane,2026-09-04
Kyra Woods,Reimagining Systems for Climate Resilience and ...,—,https://www.linkedin.com/in/kyra-woods,2026-09-04
Stefanie Simpson,Climate Resilience Senior Manager at The ...,The Nature Conservancy · Dedicated environmental professional with M,https://www.linkedin.com/in/stefanie-simpson-16b69659,2026-09-04
Sarah Mouriño,ESG & Social Impact | Global Climate Policy ...,—,https://www.linkedin.com/in/sarahflagg,2026-09-06
Emmay Mah,"Director, Strategy & Partnerships, at ... - LinkedInAbout - HeraSonja Loosli - Country Director | International NGO ...",Community Resilience to Extreme Weather (CREW) · Experience: Community Resilience to Extreme Weather · Education: London School of Economics and Political Science · Location: Toronto · 500+ connections on LinkedIn,https://ca.linkedin.com/in/emmaymah,2026-09-06
Devi R.,"Chief Sustainability Officer, Montgomery County",—,https://www.linkedin.com/in/devi-ramkissoon,2026-09-08
Heather Zanoni,Enterprise Strategy & Sustainability Executive,—,https://www.linkedin.com/in/heatherzanoni,2026-09-08
"Megan Anderson, MBA",Sustainability and Climate Change ...,—,https://www.linkedin.com/in/meganandersonmba,2026-09-08
Daniel Zarin,Executive Director. Forests & Climate Change,—,https://www.linkedin.com/in/daniel-zarin-88a844ab,2026-09-08
Chris Walker,Climate Change expert CCS and Sustainability ...,—,https://www.linkedin.com/in/walkerchris,2026-09-08
Divya Sharma (PhD),Executive Director at Climate Group ...,"Climate Group · Experience: Climate Group · Education: Department of Architecture and Planning, Maulana Azad National Institute of Technology, Bhopal, MP, · Location: Delhi · 500+ connections on LinkedIn",https://in.linkedin.com/in/divya-sharma-phd-34126991,2026-09-09
Aloka Majumdar,Managing Director & Head of Sustainability ...,—,https://in.linkedin.com/in/aloka-majumdar-8b3b4642,2026-09-09
Mia Chung,ISET Climate Resilience Association | LinkedIn,"the intersection of climate, disaster, gender, and inclusion",https://ca.linkedin.com/in/mia-chung-83519573,2026-09-09
Sonja Loosli,Country Director | International NGO ...,—,https://kh.linkedin.com/in/sonja-loosli-development-vet-sustainability-csr/en,2026-09-09
Meighen Speiser,Executive Director at ecoAmerica - LinkedIn,ecoAmerica,https://www.linkedin.com/in/meighenspeiser,2026-09-10
Mary Ellen Mika,"Sustainability, Energy & Climate ... - LinkedIn",—,https://www.linkedin.com/in/mary-ellen-mika,2026-09-10
Meghna Tare,Chief Sustainability Officer - LinkedIn,"Arlington, I lead the development and execution of the university's sustainability strategy",https://www.linkedin.com/in/meghnatare,2026-09-10
Daniel Fibiger,Former Chief Sustainability Officer - LinkedIn,—,https://www.linkedin.com/in/daniel-fibiger-b0934aa,2026-09-10
Caitlin Leibert,"Global Head of Sustainability ... - LinkedInMichaela Wright - Group Head of Sustainability at Skipton ...Kate Wylie - CHANEL | LinkedInBhavna Mathur - Leading Social Impact/CSR @ LinkedIn | AI ...Gayatri Divecha - ESG & Social Impact Leader l Infusing ...Koleen Davila - Palaganas - VP & Head, SM Group ...","LinkedIn, I focus on fostering social impact through sustainable development and program execution",https://www.linkedin.com/in/caitlinleibert,2026-09-10
Adelle Thomas,Global Climate Adaptation and Loss ...,—,https://www.linkedin.com/in/adelle-thomas-00b24629,2026-09-10
Nicole Chammartin,Chief Development and Sustainability ...,—,https://ca.linkedin.com/in/nicole-chammartin-7a51663b,2026-09-12
Amanda Leland,"Executive Director, Environmental Defense ...",—,https://www.linkedin.com/in/amanda-leland,2026-09-13
Denise Padín Collazo,"Executive Leader, Award ... - LinkedIn",home,https://pr.linkedin.com/in/denisecollazo,2026-09-13
Sarah Lundquist,Families for a Livable Climate - LinkedIn,—,https://www.linkedin.com/in/sarah-lundquist-893aa5278,2026-09-13
Keya Chatterjee,Social and Climate Justice Advocate ...,—,https://www.linkedin.com/in/keya-chatterjee-937a3986,2026-09-13
Seth Collins,"Co-Executive Director, Skill Up for Earth | LinkedIn",—,https://www.linkedin.com/in/sethwcollins,2026-09-13
Bill Toomey,Head of Sustainability Partnerships | Nonprofit ...Michaela Wright - Group Head of Sustainability at Skipton ...Amanda Gardiner - Sustainability | ESG | Corporate ... - LinkedInKate Wylie - CHANEL | LinkedInBimal Gadal - Nonprofit Management Expert | Driving ...Gayatri Divecha - ESG & Social Impact Leader l Infusing ...Terry Nelidov - Communities & Development | LinkedIn,"Godrej where sustainability, social impact, brands and businesses collaborate to achieve our goals",https://www.linkedin.com/in/bill-toomey,2026-09-13
Amanda Gardiner,Sustainability | ESG | Corporate ... - LinkedInKate Wylie - CHANEL | LinkedInBimal Gadal - Nonprofit Management Expert | Driving ...Gayatri Divecha - ESG & Social Impact Leader l Infusing ...Terry Nelidov - Communities & Development | LinkedIn,"Godrej where sustainability, social impact, brands and businesses collaborate to achieve our goals",https://www.linkedin.com/in/amandagardiner,2026-09-13
Bimal Gadal,Nonprofit Management Expert | Driving ...Gayatri Divecha - ESG & Social Impact Leader l Infusing ...Terry Nelidov - Communities & Development | LinkedIn,"Godrej where sustainability, social impact, brands and businesses collaborate to achieve our goals",https://np.linkedin.com/in/bimalgadal2,2026-09-13
Terry Nelidov,Communities & Development | LinkedIn,—,https://py.linkedin.com/in/terrynelidov,2026-09-13
Gayatri Divecha,ESG & Social Impact Leader l Infusing ...,"Godrej where sustainability, social impact, brands and businesses collaborate to achieve our goals",https://in.linkedin.com/in/gayatri-divecha-44856018,2026-09-13
Christina Chan,"Senior Director, Climate Hub @ BRAC",—,https://www.linkedin.com/in/christinachan3,2026-09-13
"Joyce E. Coffee, LEED AP",Founder & President - LinkedIn,—,https://www.linkedin.com/in/joycecoffee,2026-09-13
Elizabeth Teague,"Senior Director, Climate Resilience at Root ...",—,https://www.linkedin.com/in/elizabeth-teague-6bba3810,2026-09-13
Mayuri Ghosh,Climate Mitigation | Adaptation & Resilience,—,https://www.linkedin.com/in/mayuri-ghosh-4468481,2026-09-13
Jessica Hyman,Chief Sustainability Officer at Atlassian | LinkedIn,Atlassian,https://www.linkedin.com/in/jessica-hyman-74baa919/,2026-09-14
Adrianne Paulsen,Outside | LinkedIn,"Outside Interactive, Inc",https://www.linkedin.com/in/adrianne-paulsen-8674795/,2026-09-14
Kate Brandt,Chief Sustainability Officer at Google | LinkedIn,"Google · Kate Brandt serves as Google’s Chief Sustainability Officer and leads sustainability across Google’s worldwide operations, products and supply chains",https://www.linkedin.com/in/katebrandt/,2026-09-14
Heather Zanoni,Head of Sustainability and ESG Director | LinkedIn,the nexus of sustainability and technology,https://www.linkedin.com/in/heatherzanoni/,2026-09-14
Peggy Brannigan,Business Council on Climate Change (BC3) | LinkedIn,—,https://www.linkedin.com/in/peggybrannigan/,2026-09-14
Robert ter Kuile,Chief Sustainability Officer - McKesson,—,https://www.linkedin.com/in/robert-ter-kuile/,2026-09-14
Matthew R.,Global Head of Climate Resilience | LinkedInDr. Sam Owilly - C-Suite Executive | NGO ... - LinkedInKathy Baughman McLeod | GAIPRitu Bharadwaj - International Institute for Environment and ...,—,https://uk.linkedin.com/in/matthew-r-09767b5,2026-09-14
Dr. Sam Owilly,C-Suite Executive | NGO ... - LinkedInKathy Baughman McLeod | GAIPRitu Bharadwaj - International Institute for Environment and ...,—,https://ke.linkedin.com/in/drsamowilly,2026-09-14
Olumide Idowu (Mr. Climate),Founder & Executive Director ...,—,https://ng.linkedin.com/in/oidowu,2026-09-15
Kate Wright,"Executive Director, Climate Mayors | LinkedIn",—,https://www.linkedin.com/in/katemwright,2026-09-16
Naderev Sano,Climate justice advocate | Non-profit ...Mafalda Duarte 님 - Executive Director of the Green Climate ...Helen Clarkson OBE - Chief Executive Officer at Climate Group ...Our staff - ClimateWorks FoundationLiam G. - HOST | LinkedIn,"HOST, and I’ve spent the last 15 years learning how to… • How are power, risk, and resources currently distributed, and how does this shape what is possible? •",https://ph.linkedin.com/in/naderev-yeb-sano,2026-09-16
Holly Moynahan,"Director, Head of Sustainability - LinkedInMichaela Wright - Canal & River Trust | LinkedInKate Wylie - CHANEL | LinkedInBhavna Mathur - Leading Social Impact/CSR @ LinkedIn | AI ...Cristina Castro - Interim Director at ANTAQ | Global Leader ...Namita Asnani - Sustainability Practitioner I Head of ...","ANTAQ, I drive modernization in Brazil’s waterway transportation through sustainability, smart regulation, and emerging technologies",https://www.linkedin.com/in/hollymoynahan,2026-09-16
Michaela Wright,Canal & River Trust | LinkedInKate Wylie - CHANEL | LinkedInBhavna Mathur - Leading Social Impact/CSR @ LinkedIn | AI ...Cristina Castro - Interim Director at ANTAQ | Global Leader ...Namita Asnani - Sustainability Practitioner I Head of ...,"ANTAQ, I drive modernization in Brazil’s waterway transportation through sustainability, smart regulation, and emerging technologies",https://uk.linkedin.com/in/mlwcs,2026-09-16
Bhavna Mathur,Leading Social Impact/CSR @ LinkedIn | AI ...Cristina Castro - Interim Director at ANTAQ | Global Leader ...Namita Asnani - Sustainability Practitioner I Head of ...,"ANTAQ, I drive modernization in Brazil’s waterway transportation through sustainability, smart regulation, and emerging technologies",https://in.linkedin.com/in/bhavna-mathur-65ab949,2026-09-16
Laura Eakin,Senior Climate Nonprofit Leader | Executive ...Trish Fields - ACT | The Alliance for Climate Transition ...Mafalda Duarte 님 - Executive Director of the Green Climate ...Helen Clarkson OBE - Chief Executive Officer at Climate Group ...Our staff - ClimateWorks FoundationLiam G. - HOST | LinkedInOur team - Climate Group,"HOST, and I’ve spent the last 15 years learning how to… · Experience: HOST · Education: Sheffield University Management School · Location: Sheffield · 500+ connections on LinkedIn",https://www.linkedin.com/in/lauraneakin,2026-09-17
Trish Fields,ACT | The Alliance for Climate Transition ...Mafalda Duarte 님 - Executive Director of the Green Climate ...Helen Clarkson OBE - Chief Executive Officer at Climate Group ...Our staff - ClimateWorks FoundationLiam G. - HOST | LinkedInOur team - Climate Group,"HOST, and I’ve spent the last 15 years learning how to… · Experience: HOST · Education: Sheffield University Management School · Location: Sheffield · 500+ connections on LinkedIn",https://www.linkedin.com/in/trishfields,2026-09-17
Mafalda Duarte 님,Executive Director of the Green Climate ...Helen Clarkson OBE - Chief Executive Officer at Climate Group ...Our staff - ClimateWorks FoundationLiam G. - HOST | LinkedInOur team - Climate Group,"HOST, and I’ve spent the last 15 years learning how to… · Experience: HOST · Education: Sheffield University Management School · Location: Sheffield · 500+ connections on LinkedIn",https://kr.linkedin.com/in/mafaldaduarte1,2026-09-17
Helen Clarkson OBE,Chief Executive Officer at Climate Group ...Our staff - ClimateWorks FoundationLiam G. - HOST | LinkedInOur team - Climate Group,"HOST, and I’ve spent the last 15 years learning how to… · Experience: HOST · Education: Sheffield University Management School · Location: Sheffield · 500+ connections on LinkedIn",https://uk.linkedin.com/in/helenclarkson,2026-09-17
Liam G.,HOST | LinkedIn,"HOST, and I’ve spent the last 15 years learning how to… · Experience: HOST · Education: Sheffield University Management School · Location: Sheffield · 500+ connections on LinkedIn",https://uk.linkedin.com/in/liamgarcialillis,2026-09-17
Lisa Ingmarsson Zwack,"Head of Sustainability | LinkedInKara H. Hurst - Chief Sustainability Officer, Amazon | LinkedInSteph Berwick - Head of Sustainability - LinkedInKate Wylie - CHANEL | LinkedInNamita Asnani - Sustainability Practitioner I Head of ...Cristina Castro - Interim Director at ANTAQ | Global Leader ...Koleen Davila - Palaganas - VP & Head, SM Group ...","SM Investments Corporation Awarded of Asia’s Top Sustainability Superwomen 2019 in SG, by CSR Works GRI Global Stakeholder Council Member",https://www.linkedin.com/in/lisazwack,2026-09-17
Kara H. Hurst,"Chief Sustainability Officer, Amazon | LinkedInSteph Berwick - Head of Sustainability - LinkedInKate Wylie - CHANEL | LinkedInNamita Asnani - Sustainability Practitioner I Head of ...Cristina Castro - Interim Director at ANTAQ | Global Leader ...Koleen Davila - Palaganas - VP & Head, SM Group ...","SM Investments Corporation Awarded of Asia’s Top Sustainability Superwomen 2019 in SG, by CSR Works GRI Global Stakeholder Council Member",https://www.linkedin.com/in/karahhurst,2026-09-17
Steph Berwick,"Head of Sustainability - LinkedInKate Wylie - CHANEL | LinkedInNamita Asnani - Sustainability Practitioner I Head of ...Cristina Castro - Interim Director at ANTAQ | Global Leader ...Koleen Davila - Palaganas - VP & Head, SM Group ...","SM Investments Corporation Awarded of Asia’s Top Sustainability Superwomen 2019 in SG, by CSR Works GRI Global Stakeholder Council Member",https://uk.linkedin.com/in/steph-berwick-28633b102,2026-09-17
Kate Wylie,"CHANEL | LinkedInNamita Asnani - Sustainability Practitioner I Head of ...Cristina Castro - Interim Director at ANTAQ | Global Leader ...Koleen Davila - Palaganas - VP & Head, SM Group ...","SM Investments Corporation Awarded of Asia’s Top Sustainability Superwomen 2019 in SG, by CSR Works GRI Global Stakeholder Council Member",https://uk.linkedin.com/in/katewylie,2026-09-17
Namita Asnani,"Sustainability Practitioner I Head of ...Cristina Castro - Interim Director at ANTAQ | Global Leader ...Koleen Davila - Palaganas - VP & Head, SM Group ...","SM Investments Corporation Awarded of Asia’s Top Sustainability Superwomen 2019 in SG, by CSR Works GRI Global Stakeholder Council Member",https://in.linkedin.com/in/namita-asnani,2026-09-17
Koleen Davila,"Palaganas - VP & Head, SM Group ...","SM Investments Corporation Awarded of Asia’s Top Sustainability Superwomen 2019 in SG, by CSR Works GRI Global Stakeholder Council Member",https://ph.linkedin.com/in/koleen-davila-palaganas-990a44124,2026-09-17
Cristina Castro,Interim Director at ANTAQ | Global Leader ...,"ANTAQ, I drive modernization in Brazil’s waterway transportation through sustainability, smart regulation, and emerging technologies",https://br.linkedin.com/in/cristinacastrolucas,2026-09-17
Kathy Baughman McLeod,"HERA | LinkedInHERA - LinkedInRitu Bharadwaj - Director, Climate Resilience and ... - LinkedInA. Nambi Appadurai - Director (Climate Resilience ... - LinkedInTagaloa Cooper - Director - Climate Change Resilience ...Kathy Baughman-McLeod - Climate OneAbout - Hera",SPREP · Experience: SPREP · Education: Waikato University · Location: Samoa · 342 connections on LinkedIn,https://www.linkedin.com/in/kbmcleod,2026-09-17
Ritu Bharadwaj,"Director, Climate Resilience and ... - LinkedInA. Nambi Appadurai - Director (Climate Resilience ... - LinkedInTagaloa Cooper - Director - Climate Change Resilience ...Kathy Baughman-McLeod - Climate OneAbout - Hera",SPREP · Experience: SPREP · Education: Waikato University · Location: Samoa · 342 connections on LinkedIn,https://uk.linkedin.com/in/ritu-bharadwaj-410130156,2026-09-17
A. Nambi Appadurai,Director (Climate Resilience ... - LinkedInTagaloa Cooper - Director - Climate Change Resilience ...Kathy Baughman-McLeod - Climate OneAbout - Hera,SPREP · Experience: SPREP · Education: Waikato University · Location: Samoa · 342 connections on LinkedIn,https://uk.linkedin.com/in/a-nambi-appadurai-35282825,2026-09-17
Tagaloa Cooper,Director - Climate Change Resilience ...Kathy Baughman-McLeod - Climate OneAbout - Hera,SPREP · Experience: SPREP · Education: Waikato University · Location: Samoa · 342 connections on LinkedIn,https://ws.linkedin.com/in/tagaloa-cooper-bb199629,2026-09-17
Mary McBryde,"Co-Founder & Chief Program Officer, Climate Resilience for All Passionate, driven executive with a record of achieving meaningful impact to protect nature and empower women and other vulnerable communities. | LinkedIn",—,https://www.linkedin.com/in/mary-mcbryde-4b7b6a74/,2026-09-17
Adam Parris,ICF | LinkedIn,—,https://www.linkedin.com/in/adam-parris-b048b96/,2026-09-17
Bruce Nilles,Executive Director - Climate Imperative | LinkedIn,The White House,https://www.linkedin.com/in/bruce-nilles-a4a20547,2026-09-20
