Title,Organization,Description,Date Info,Deadline,URL,Scraped
Funding & Capacity | U.S. Climate Resilience Toolkit,toolkit.climate.gov,"Communities are often eligible to apply for grant funding from federal, state, non-profit, or private entities for resilience-building projects. They might also be able to raise funds for resilience actions through taxes or fees.",—,—,https://toolkit.climate.gov/funding-capacity,2026-08-04
Applying to the Innovating for Climate Resilience Fund,globalinnovation.fund,"January 16, 2025 - Through its Innovating for Climate Resilience Fund, GIF invests through grant, equity, and debt instruments, in innovations with the potential to scale and support the world’s poorest to build resilience and adaptation.",—,—,https://www.globalinnovation.fund/applying-to-the-innovating-for-climate-resilience-fund,2026-08-04
Grant & Technical Assistance Opportunities | Office of Policy Innovation & Future,maine.gov,Track 1 Community Enrollment Service Provider Grants enable organizations to assist up to five communities to prepare for and enroll in the Community Resilience Partnership and then apply for grant funds to undertake priority climate and energy projects.,—,—,https://www.maine.gov/future/climate/community-resilience-partnership/grants,2026-08-04
2026 Climate Resilience Grant Program,nature.org,The Nature Conservancy is offering a sixth round of Climate Resilience Grants in New York to support local conservation and climate adaptation efforts.,—,—,https://www.nature.org/en-us/about-us/where-we-work/united-states/new-york/stories-in-new-york/funding-grant-program-climate-resilience/,2026-08-05
Recovery and resilience grants program,dfes.wa.gov.au,"Builders are encouraged to familiarise themselves with the Recovery and Resilience Grant Program, specifically the evidence requirements for works undertaken.",—,—,https://www.dfes.wa.gov.au/recovery-and-resilience-grants,2026-08-05
Adaptation Planning Grant Program - Office of Land Use and Climate Innovation,lci.ca.gov,"The program provides flexible funding to meet multi-sector/issue planning needs that intersect with climate risks, including but not limited to land use, transportation, economic, housing, natural resource management, public infrastructure, and hazard mitigation issues.",—,—,https://lci.ca.gov/climate/icarp/grants/adaptation-planning-grant.html,2026-08-05
Community Resilience Grant Application Form Template | Paperform,paperform.co,Ready to fund resilient communities? Start with Paperform's Community Resilience Grant Application template and turn good intentions into measurable impact.,—,—,https://paperform.co/templates/community-resilience-grant-application/,2026-08-05
Community Resilience Grant Application Form Template | Jotform,jotform.com,"Utilizing Jotform’s no-code Form Builder, you can quickly customize the Community Resilience Grant Application Form to suit your specific needs.",—,—,https://www.jotform.com/form-templates/community-resilience-grant-application-form,2026-08-05
Community Resilience Grant Program – Sustainability,sustainability.williams.edu,The Community Resilience Grant Program came about in after the switch to remote learning after the start of the pandemic. The format has changed a bit between the summers of 2020 and...,—,—,https://sustainability.williams.edu/getting-involved-on-campus/community-resilience-grant/,2026-08-05
